Test,Dimension,K,Points,Taille de bloc,Temps (s),Précision
BFR sur données BFR,5,20,10000,500,0.4484109878540039,0.408
CURE sur données BFR,5,15,10000,1000,0.3446340560913086,0.4174
BFR sur données CURE,6,15,10000,1000,0.35222792625427246,0.5381
CURE sur données CURE,6,15,10000,500,0.34902215003967285,0.546
