Test,Dimension,K,Points,Taille de bloc,Temps (s),Précision
BFR sur données BFR,5,10,10000,1000,0.270143985748291,0.3164
CURE sur données BFR,5,10,10000,1000,0.2604663372039795,0.4226
BFR sur données CURE,6,10,10000,1000,0.27769994735717773,0.343
CURE sur données CURE,6,10,10000,1000,0.3429539203643799,0.2981
